{
  "level_one":[
    {
      "name":"Slime",
      "attack":"3",
      "heal":"4",
      "sprite":"slime"
    },
    {
      "name":"Skeleton",
      "attack":"5",
      "heal":"6",
      "sprite":"skeleton"
    },
    {
      "name":"Goblin",
      "attack":"5",
      "heal":"8",
      "sprite":"goblin"
    }

  ],
  "level_two":[
  	{
      "name":"Ghost",
      "attack":"8",
      "heal":"12",
      "sprite":"ghost"
    },
    {
      "name":"Wampire",
      "attack":"20",
      "heal":"2",
      "sprite":"vampir"
    },
    {
      "name":"Basilisk",
      "attack":"6",
      "heal":"17",
      "sprite":"bazylisk"
    },
    {
      "name":"Warewolf",
      "attack":"14",
      "heal":"10",
      "sprite":"werewolf"
    }
  ],
  "level_three":[
  	{
      "name":"Troll",
      "attack":"5",
      "heal":"25",
      "sprite":"troll"
    },
    {
      "name":"Leprechaun",
      "attack":"14",
      "heal":"9",
      "sprite":"lepre"
    },
    {
      "name":"Gremlin",
      "attack":"9",
      "heal":"11",
      "sprite":"gremlin"
    },
    {
      "name":"Phoenix",
      "attack":"13",
      "heal":"13",
      "sprite":"phoenix"
    }
  ],
  "level_four":[
  	{
      "name":"Hydra",
      "attack":"18",
      "heal":"30",
      "sprite":"hydra"
    },
    {
      "name":"Devil",
      "attack":"35",
      "heal":"21",
      "sprite":"devil"
    }
  ]
}